1.737800836563110352e+00,1.650036811828613281e+00,1.541000000000000000e+03
1.186485171318054199e+00,1.196847796440124512e+00,4.993000000000000000e+03
1.027488231658935547e+00,1.006127357482910156e+00,6.478000000000000000e+03
1.127432823181152344e+00,1.089700937271118164e+00,6.372000000000000000e+03
1.513561248779296875e+00,1.462997674942016602e+00,2.683000000000000000e+03
1.051810503005981445e+00,1.049799919128417969e+00,6.567000000000000000e+03
1.096478223800659180e+00,1.092477560043334961e+00,4.825000000000000000e+03
1.174897551536560059e+00,1.144904494285583496e+00,4.037000000000000000e+03
1.230268716812133789e+00,1.185521364212036133e+00,2.344000000000000000e+03
1.081658124923706055e+00,1.052026629447937012e+00,6.096000000000000000e+03
1.075214505195617676e+00,1.063224792480468750e+00,6.603000000000000000e+03
1.177628040313720703e+00,1.160172224044799805e+00,5.103000000000000000e+03
1.071519374847412109e+00,1.063647031784057617e+00,2.350000000000000000e+02
1.227238893508911133e+00,1.200835227966308594e+00,6.812000000000000000e+03
1.810682296752929688e+00,1.728009700775146484e+00,5.475000000000000000e+03
1.258925437927246094e+00,1.215354204177856445e+00,1.545000000000000000e+03
1.047128558158874512e+00,9.981390237808227539e-01,1.543000000000000000e+03
1.238493442535400391e+00,1.242225766181945801e+00,6.751000000000000000e+03
1.047128558158874512e+00,1.045145034790039062e+00,1.303000000000000000e+03
1.348962903022766113e+00,1.282041788101196289e+00,2.067000000000000000e+03
1.122018456459045410e+00,1.093067884445190430e+00,1.667000000000000000e+03
1.096478223800659180e+00,1.065797686576843262e+00,2.790000000000000000e+02
1.075932502746582031e+00,1.067077636718750000e+00,6.208000000000000000e+03
1.288249492645263672e+00,1.249855041503906250e+00,1.817000000000000000e+03
1.055580139160156250e+00,1.041315555572509766e+00,6.323000000000000000e+03
1.041752338409423828e+00,1.031250238418579102e+00,5.152000000000000000e+03
1.230268716812133789e+00,1.180916905403137207e+00,2.385000000000000000e+03
1.023293018341064453e+00,1.033655643463134766e+00,1.247000000000000000e+03
1.096478223800659180e+00,1.088811993598937988e+00,9.250000000000000000e+02
1.185268402099609375e+00,1.128465056419372559e+00,5.895000000000000000e+03
1.047128558158874512e+00,1.012937307357788086e+00,1.862000000000000000e+03
1.230268716812133789e+00,1.197326660156250000e+00,4.653000000000000000e+03
1.071519374847412109e+00,1.058712005615234375e+00,2.611000000000000000e+03
1.047128558158874512e+00,1.031298279762268066e+00,2.025000000000000000e+03
1.122018456459045410e+00,1.099332690238952637e+00,5.760000000000000000e+02
1.033075571060180664e+00,1.027431368827819824e+00,6.402000000000000000e+03
1.230268716812133789e+00,1.173436999320983887e+00,2.471000000000000000e+03
1.122018456459045410e+00,1.095670223236083984e+00,1.838000000000000000e+03
1.230268716812133789e+00,1.207833528518676758e+00,1.249000000000000000e+03
1.039774775505065918e+00,1.057383298873901367e+00,4.987000000000000000e+03
1.079040765762329102e+00,1.073376178741455078e+00,6.561000000000000000e+03
1.023293018341064453e+00,1.017169952392578125e+00,2.039000000000000000e+03
1.221728086471557617e+00,1.225646495819091797e+00,5.370000000000000000e+03
1.148153662681579590e+00,1.110600948333740234e+00,2.750000000000000000e+03
1.992675781250000000e+00,1.908814907073974609e+00,6.554000000000000000e+03
1.180084705352783203e+00,1.171740770339965820e+00,6.706000000000000000e+03
1.192479848861694336e+00,1.160115718841552734e+00,5.978000000000000000e+03
1.445439815521240234e+00,1.402280330657958984e+00,4.774000000000000000e+03
1.188502311706542969e+00,1.183699607849121094e+00,1.590000000000000000e+02
1.174897551536560059e+00,1.138678789138793945e+00,9.430000000000000000e+02
1.318256735801696777e+00,1.297526717185974121e+00,3.265000000000000000e+03
1.288249492645263672e+00,1.288282155990600586e+00,1.546000000000000000e+03
1.348962903022766113e+00,1.304463386535644531e+00,4.587000000000000000e+03
2.880007982254028320e+00,2.753161907196044922e+00,6.721000000000000000e+03
1.061641693115234375e+00,1.048796534538269043e+00,6.214000000000000000e+03
1.023293018341064453e+00,1.009697675704956055e+00,2.260000000000000000e+02
1.336341500282287598e+00,1.294653296470642090e+00,5.912000000000000000e+03
1.071519374847412109e+00,1.094161748886108398e+00,3.828000000000000000e+03
1.096478223800659180e+00,1.076129436492919922e+00,2.388000000000000000e+03
1.258925437927246094e+00,1.266004920005798340e+00,3.813000000000000000e+03
1.698209881782531738e+00,1.663795232772827148e+00,6.640000000000000000e+03
1.023293018341064453e+00,1.024010181427001953e+00,8.850000000000000000e+02
2.965382337570190430e+00,2.933921337127685547e+00,5.776000000000000000e+03
1.096478223800659180e+00,1.074035406112670898e+00,2.472000000000000000e+03
1.698243618011474609e+00,1.602956295013427734e+00,2.251000000000000000e+03
1.318256735801696777e+00,1.265991330146789551e+00,2.386000000000000000e+03
1.071519374847412109e+00,1.055000543594360352e+00,2.523000000000000000e+03
1.230268716812133789e+00,1.189509630203247070e+00,3.000000000000000000e+02
1.010571599006652832e+00,1.019361734390258789e+00,5.699000000000000000e+03
1.023177981376647949e+00,1.030517339706420898e+00,5.962000000000000000e+03
1.047128558158874512e+00,1.036704421043395996e+00,4.162000000000000000e+03
1.174897551536560059e+00,1.135693311691284180e+00,2.810000000000000000e+02
1.096478223800659180e+00,1.064334273338317871e+00,2.061000000000000000e+03
1.023293018341064453e+00,1.030622482299804688e+00,2.566000000000000000e+03
1.202264428138732910e+00,1.154639601707458496e+00,2.447000000000000000e+03
1.026862382888793945e+00,1.019105792045593262e+00,5.150000000000000000e+03
1.023293018341064453e+00,1.024764180183410645e+00,1.558000000000000000e+03
1.071519374847412109e+00,1.057632207870483398e+00,2.573000000000000000e+03
1.047128558158874512e+00,1.058105230331420898e+00,4.602000000000000000e+03
1.074100494384765625e+00,1.072229504585266113e+00,6.664000000000000000e+03
1.000881910324096680e+00,1.001788616180419922e+00,6.311000000000000000e+03
1.174897551536560059e+00,1.149530529975891113e+00,1.515000000000000000e+03
1.122018456459045410e+00,1.108455896377563477e+00,1.253000000000000000e+03
1.096478223800659180e+00,1.075071573257446289e+00,2.565000000000000000e+03
1.023293018341064453e+00,1.028722882270812988e+00,4.070000000000000000e+02
1.047128558158874512e+00,1.033830165863037109e+00,2.444000000000000000e+03
1.621810197830200195e+00,1.561776638031005859e+00,4.062000000000000000e+03
1.288249492645263672e+00,1.252700567245483398e+00,4.805000000000000000e+03
1.047128558158874512e+00,1.032327890396118164e+00,4.734000000000000000e+03
1.071519374847412109e+00,1.031515836715698242e+00,1.367000000000000000e+03
1.007688403129577637e+00,1.006492853164672852e+00,5.346000000000000000e+03
1.096478223800659180e+00,1.092169165611267090e+00,8.800000000000000000e+02
1.114724874496459961e+00,1.104108452796936035e+00,5.712000000000000000e+03
1.148153662681579590e+00,1.114881277084350586e+00,1.608000000000000000e+03
1.698243618011474609e+00,1.635173320770263672e+00,6.590000000000000000e+02
1.248883724212646484e+00,1.238895177841186523e+00,6.713000000000000000e+03
1.122018456459045410e+00,1.103779315948486328e+00,5.270000000000000000e+02
1.023293018341064453e+00,1.024465799331665039e+00,2.950000000000000000e+02
1.288249492645263672e+00,1.231920719146728516e+00,1.605000000000000000e+03
1.148153662681579590e+00,1.118494272232055664e+00,2.392000000000000000e+03
1.148153662681579590e+00,1.106280088424682617e+00,2.840000000000000000e+02
1.004342198371887207e+00,1.007946968078613281e+00,5.636000000000000000e+03
1.584893226623535156e+00,1.524293422698974609e+00,5.650000000000000000e+02
1.740405321121215820e+00,1.692628860473632812e+00,6.712000000000000000e+03
1.148153662681579590e+00,1.136894822120666504e+00,1.260000000000000000e+03
1.202264428138732910e+00,1.158417701721191406e+00,5.500000000000000000e+02
1.148153662681579590e+00,1.144666433334350586e+00,8.300000000000000000e+01
1.380384206771850586e+00,1.304491758346557617e+00,2.534000000000000000e+03
1.007940649986267090e+00,1.019871711730957031e+00,5.985000000000000000e+03
1.047128558158874512e+00,1.042493939399719238e+00,4.637000000000000000e+03
1.258925437927246094e+00,1.202114343643188477e+00,4.215000000000000000e+03
1.122764587402343750e+00,1.102461218833923340e+00,5.968000000000000000e+03
1.312086224555969238e+00,1.261402010917663574e+00,6.617000000000000000e+03
1.096478223800659180e+00,1.084289669990539551e+00,4.647000000000000000e+03
1.778279423713684082e+00,1.639949321746826172e+00,4.241000000000000000e+03
1.148153662681579590e+00,1.115678906440734863e+00,2.451000000000000000e+03
2.029848814010620117e+00,1.987491607666015625e+00,6.736000000000000000e+03
1.026024222373962402e+00,1.020478248596191406e+00,6.435000000000000000e+03
2.994407892227172852e+00,2.967741966247558594e+00,5.197000000000000000e+03
1.033369064331054688e+00,1.010686397552490234e+00,5.807000000000000000e+03
1.584893226623535156e+00,1.467518091201782227e+00,2.007000000000000000e+03
1.955063819885253906e+00,1.893106937408447266e+00,6.650000000000000000e+03
1.122018456459045410e+00,1.115165948867797852e+00,2.242000000000000000e+03
1.423633337020874023e+00,1.394907474517822266e+00,6.662000000000000000e+03
1.047128558158874512e+00,1.030824065208435059e+00,2.280000000000000000e+02
1.023293018341064453e+00,9.861515760421752930e-01,6.000000000000000000e+00
1.047128558158874512e+00,1.044830322265625000e+00,4.593000000000000000e+03
1.096478223800659180e+00,1.084174633026123047e+00,1.501000000000000000e+03
1.023293018341064453e+00,1.031344890594482422e+00,1.232000000000000000e+03
1.819700956344604492e+00,1.696440219879150391e+00,4.617000000000000000e+03
1.011579513549804688e+00,1.016771554946899414e+00,2.900000000000000000e+03
1.202264428138732910e+00,1.158067107200622559e+00,3.140000000000000000e+02
1.047128558158874512e+00,1.045735955238342285e+00,2.496000000000000000e+03
1.122018456459045410e+00,1.096662759780883789e+00,3.317000000000000000e+03
2.137962102890014648e+00,1.992305755615234375e+00,2.433000000000000000e+03
1.158104658126831055e+00,1.110586762428283691e+00,6.438000000000000000e+03
1.059605121612548828e+00,1.057153701782226562e+00,5.134000000000000000e+03
1.737800836563110352e+00,1.677374362945556641e+00,4.242000000000000000e+03
1.122018456459045410e+00,1.109987139701843262e+00,3.804000000000000000e+03
1.023293018341064453e+00,1.017408490180969238e+00,1.968000000000000000e+03
3.080774068832397461e+00,3.020202636718750000e+00,6.758000000000000000e+03
1.168434858322143555e+00,1.111419439315795898e+00,5.484000000000000000e+03
1.949844956398010254e-01,2.025009989738464355e-01,2.366000000000000000e+03
8.770465850830078125e-01,8.627153038978576660e-01,6.544000000000000000e+03
7.003417611122131348e-01,6.924329996109008789e-01,5.553000000000000000e+03
2.818405628204345703e-03,3.330701589584350586e-02,3.365000000000000000e+03
1.448392868041992188e-05,1.703745126724243164e-02,4.028000000000000000e+03
2.694129943847656250e-05,5.372351408004760742e-02,4.454000000000000000e+03
4.466831684112548828e-03,7.166802883148193359e-03,3.920000000000000000e+03
8.343060612678527832e-01,8.202492594718933105e-01,6.278000000000000000e+03
6.955001354217529297e-01,6.853894591331481934e-01,5.322000000000000000e+03
7.909768819808959961e-01,7.866593599319458008e-01,5.025000000000000000e+03
9.312804937362670898e-01,9.266402721405029297e-01,5.746000000000000000e+03
1.737803220748901367e-02,6.249576807022094727e-02,1.410000000000000000e+03
7.496673464775085449e-01,7.396019697189331055e-01,6.005000000000000000e+03
1.448392868041992188e-05,-8.607089519500732422e-03,3.030000000000000000e+02
1.862049102783203125e-04,1.117736101150512695e-02,3.788000000000000000e+03
8.495530486106872559e-01,8.367844820022583008e-01,6.227000000000000000e+03
9.261706471443176270e-01,9.462191462516784668e-01,5.478000000000000000e+03
9.120108485221862793e-01,9.057497382164001465e-01,3.300000000000000000e+03
4.168694019317626953e-01,3.736594617366790771e-01,4.568000000000000000e+03
9.549927711486816406e-02,9.755343198776245117e-02,2.190000000000000000e+03
5.754399299621582031e-01,5.354816913604736328e-01,4.354000000000000000e+03
2.294778823852539062e-05,2.784174680709838867e-02,4.403000000000000000e+03
2.691534757614135742e-01,2.657045125961303711e-01,4.434000000000000000e+03
8.199670910835266113e-01,8.427133560180664062e-01,6.330000000000000000e+03
1.740455627441406250e-05,6.526052951812744141e-03,3.259000000000000000e+03
1.905460953712463379e-01,2.117502093315124512e-01,3.459000000000000000e+03
1.740455627441406250e-05,2.235907316207885742e-02,3.872000000000000000e+03
4.466836154460906982e-01,4.331685006618499756e-01,1.132000000000000000e+03
1.905460953712463379e-01,2.182962298393249512e-01,3.949000000000000000e+03
8.128309249877929688e-02,6.340616941452026367e-02,2.166000000000000000e+03
2.187761664390563965e-01,2.121631503105163574e-01,7.100000000000000000e+02
7.585763931274414062e-03,5.419367551803588867e-02,3.902000000000000000e+03
6.309573650360107422e-01,5.813651680946350098e-01,4.595000000000000000e+03
2.290867567062377930e-01,2.426996231079101562e-01,3.334000000000000000e+03
8.144335746765136719e-01,8.171405792236328125e-01,6.801000000000000000e+03
7.169092893600463867e-01,7.229000329971313477e-01,6.160000000000000000e+03
2.290867567062377930e-01,2.000460028648376465e-01,1.986000000000000000e+03
1.448392868041992188e-05,2.344220876693725586e-02,3.064000000000000000e+03
6.918311119079589844e-02,5.585151910781860352e-02,4.280000000000000000e+02
3.019951879978179932e-01,2.977452874183654785e-01,3.037000000000000000e+03
5.623400211334228516e-03,1.440614461898803711e-02,4.263000000000000000e+03
5.623413324356079102e-01,4.821456968784332275e-01,3.726000000000000000e+03
7.184300422668457031e-01,7.012583613395690918e-01,6.124000000000000000e+03
8.709669113159179688e-03,7.718545198440551758e-02,3.917000000000000000e+03
2.137964963912963867e-02,6.627434492111206055e-02,4.571000000000000000e+03
8.317637443542480469e-02,9.241825342178344727e-02,2.080000000000000000e+02
7.979467511177062988e-01,8.123891353607177734e-01,6.495000000000000000e+03
9.968158602714538574e-01,1.006180644035339355e+00,5.438000000000000000e+03
3.165006637573242188e-05,3.930073976516723633e-02,4.086000000000000000e+03
1.905460953712463379e-01,2.177099585533142090e-01,5.340000000000000000e+02
1.448392868041992188e-05,8.458465337753295898e-02,1.782000000000000000e+03
1.757925748825073242e-02,6.802207231521606445e-02,3.482000000000000000e+03
2.630268335342407227e-01,3.152409791946411133e-01,1.574000000000000000e+03
7.755515575408935547e-01,7.943318486213684082e-01,5.544000000000000000e+03
7.413089275360107422e-03,8.021956682205200195e-02,3.112000000000000000e+03
1.740455627441406250e-05,4.382854700088500977e-02,2.716000000000000000e+03
9.772372245788574219e-02,1.305924057960510254e-01,2.330000000000000000e+03
8.709639310836791992e-02,9.105223417282104492e-02,4.560000000000000000e+03
4.265795350074768066e-01,4.012197554111480713e-01,1.145000000000000000e+03
2.511888742446899414e-02,5.104249715805053711e-02,2.291000000000000000e+03
8.128305077552795410e-01,8.139724731445312500e-01,3.149000000000000000e+03
2.041739225387573242e-02,5.565720796585083008e-02,9.600000000000000000e+01
1.740455627441406250e-05,-5.320757627487182617e-02,3.633000000000000000e+03
7.413102388381958008e-01,7.305595278739929199e-01,3.313000000000000000e+03
7.883713841438293457e-01,8.016135692596435547e-01,5.587000000000000000e+03
1.448392868041992188e-05,1.968699693679809570e-02,2.302000000000000000e+03
8.307768702507019043e-01,8.359757065773010254e-01,5.747000000000000000e+03
5.370318889617919922e-02,8.169060945510864258e-02,1.611000000000000000e+03
7.762471437454223633e-01,7.841377854347229004e-01,4.880000000000000000e+03
9.893429279327392578e-01,9.881328344345092773e-01,5.934000000000000000e+03
9.103374481201171875e-01,9.306763410568237305e-01,6.062000000000000000e+03
9.746204614639282227e-01,9.855753183364868164e-01,6.061000000000000000e+03
5.128616094589233398e-02,3.344291448593139648e-02,4.022000000000000000e+03
1.448392868041992188e-05,1.105374097824096680e-02,1.844000000000000000e+03
4.365158379077911377e-01,4.210763573646545410e-01,4.563000000000000000e+03
9.826640486717224121e-01,9.742900133132934570e-01,6.337000000000000000e+03
1.448392868041992188e-05,-1.635009050369262695e-02,3.830000000000000000e+02
1.148153543472290039e-01,1.193799376487731934e-01,1.055000000000000000e+03
7.244359850883483887e-01,6.858909726142883301e-01,1.187000000000000000e+03
9.223054051399230957e-01,9.245598912239074707e-01,5.947000000000000000e+03
9.999990463256835938e-03,8.395016193389892578e-03,3.962000000000000000e+03
9.839497208595275879e-01,9.872826933860778809e-01,5.119000000000000000e+03
7.969905138015747070e-01,8.031178712844848633e-01,6.448000000000000000e+03
9.549925923347473145e-01,9.810673594474792480e-01,4.874000000000000000e+03
2.238721251487731934e-01,2.071726918220520020e-01,2.364000000000000000e+03
1.905460953712463379e-01,2.442308664321899414e-01,2.481000000000000000e+03
7.414817810058593750e-05,2.890640497207641602e-02,4.840000000000000000e+03
1.740455627441406250e-05,5.475121736526489258e-02,3.371000000000000000e+03
2.950429916381835938e-05,3.829461336135864258e-02,2.973000000000000000e+03
2.187761664390563965e-01,2.321823239326477051e-01,2.607000000000000000e+03
1.740455627441406250e-05,2.265077829360961914e-02,1.056000000000000000e+03
8.827385306358337402e-01,8.745498657226562500e-01,6.535000000000000000e+03
8.784379959106445312e-01,8.642629981040954590e-01,6.604000000000000000e+03
6.606934666633605957e-01,5.793428421020507812e-01,2.661000000000000000e+03
7.497343420982360840e-01,7.640771269798278809e-01,5.720000000000000000e+03
2.238720655441284180e-02,6.227672100067138672e-03,2.219000000000000000e+03
7.449982166290283203e-01,7.486453652381896973e-01,5.889000000000000000e+03
8.268525004386901855e-01,8.330524563789367676e-01,6.392000000000000000e+03
1.023292541503906250e-02,4.331308603286743164e-02,4.116000000000000000e+03
2.137961983680725098e-01,2.675050497055053711e-01,8.480000000000000000e+02
2.511886358261108398e-01,2.370112538337707520e-01,3.104000000000000000e+03
1.023293137550354004e-01,1.850582957267761230e-01,9.760000000000000000e+02
9.330127239227294922e-01,9.807560443878173828e-01,5.793000000000000000e+03
9.376605153083801270e-01,9.645106196403503418e-01,6.193000000000000000e+03
7.762491703033447266e-03,5.064803361892700195e-02,2.730000000000000000e+03
1.288249492645263672e-01,1.744617819786071777e-01,9.580000000000000000e+02
1.740455627441406250e-05,2.775484323501586914e-02,3.768000000000000000e+03
1.448392868041992188e-05,1.037305593490600586e-02,3.250000000000000000e+03
2.137961983680725098e-01,2.189363837242126465e-01,1.451000000000000000e+03
7.244360446929931641e-02,9.346562623977661133e-02,7.330000000000000000e+02
2.951209545135498047e-01,2.900014519691467285e-01,1.759000000000000000e+03
9.549925923347473145e-01,9.438033103942871094e-01,2.033000000000000000e+03
3.715336322784423828e-03,7.357519865036010742e-02,9.590000000000000000e+02
1.740455627441406250e-05,2.704316377639770508e-02,9.500000000000000000e+01
3.715352416038513184e-01,3.819474577903747559e-01,1.416000000000000000e+03
1.448392868041992188e-05,7.728296518325805664e-02,9.180000000000000000e+02
7.585775852203369141e-01,7.342603802680969238e-01,4.487000000000000000e+03
2.344229221343994141e-01,2.855129837989807129e-01,9.800000000000000000e+02
6.998419761657714844e-01,6.305713653564453125e-01,6.610000000000000000e+02
2.187761664390563965e-01,2.326185107231140137e-01,4.179000000000000000e+03
8.941372036933898926e-01,9.268105030059814453e-01,6.543000000000000000e+03
8.619698286056518555e-01,8.720287680625915527e-01,5.367000000000000000e+03
8.240929245948791504e-01,8.213732242584228516e-01,6.531000000000000000e+03
1.348966360092163086e-02,4.120522737503051758e-02,4.315000000000000000e+03
1.448392868041992188e-05,2.377182245254516602e-02,3.198000000000000000e+03
1.548816561698913574e-01,2.081961035728454590e-01,1.468000000000000000e+03
9.176521301269531250e-01,9.220521450042724609e-01,5.115000000000000000e+03
6.760829687118530273e-01,6.670423746109008789e-01,1.794000000000000000e+03
1.448392868041992188e-05,-1.105493307113647461e-02,1.195000000000000000e+03
6.606936454772949219e-02,1.062861084938049316e-01,3.503000000000000000e+03
9.120108485221862793e-01,9.146147966384887695e-01,4.378000000000000000e+03
5.754411220550537109e-03,-1.177090406417846680e-02,3.647000000000000000e+03
9.993414878845214844e-01,1.004233360290527344e+00,5.155000000000000000e+03
2.570396065711975098e-01,2.995366454124450684e-01,1.006000000000000000e+03
8.922550678253173828e-01,8.779543638229370117e-01,5.444000000000000000e+03
9.576714038848876953e-01,9.750518202781677246e-01,5.408000000000000000e+03
1.740455627441406250e-05,1.011186838150024414e-02,3.367000000000000000e+03
3.715354204177856445e-02,6.473809480667114258e-02,4.400000000000000000e+01
1.740455627441406250e-05,7.483810186386108398e-02,1.758000000000000000e+03
8.305326104164123535e-01,8.605971932411193848e-01,6.598000000000000000e+03
5.131959915161132812e-05,8.644491434097290039e-02,3.857000000000000000e+03
6.745769977569580078e-01,6.779723763465881348e-01,5.548000000000000000e+03
3.801894187927246094e-02,4.764574766159057617e-02,3.470000000000000000e+02
1.740455627441406250e-05,5.529290437698364258e-02,2.667000000000000000e+03
1.448392868041992188e-05,-1.551657915115356445e-02,3.068000000000000000e+03
4.677176475524902344e-04,-7.550299167633056641e-03,2.711000000000000000e+03
3.467369079589843750e-02,5.143541097640991211e-02,2.208000000000000000e+03
7.951056957244873047e-01,7.944146394729614258e-01,6.572000000000000000e+03
1.202267408370971680e-02,8.354085683822631836e-02,2.810000000000000000e+03
1.949667930603027344e-04,2.482229471206665039e-02,3.940000000000000000e+03
3.981053829193115234e-03,3.500801324844360352e-02,1.272000000000000000e+03
2.570396065711975098e-01,2.513399720191955566e-01,4.672000000000000000e+03
3.090322017669677734e-03,-5.556404590606689453e-03,4.669000000000000000e+03
8.507474660873413086e-01,8.631615638732910156e-01,5.435000000000000000e+03
3.162277638912200928e-01,3.040489256381988525e-01,3.480000000000000000e+03
2.398848533630371094e-03,3.095716238021850586e-02,3.548000000000000000e+03
6.759166717529296875e-05,-2.453154325485229492e-02,4.049000000000000000e+03
9.837856292724609375e-01,9.902198314666748047e-01,6.045000000000000000e+03
2.241134643554687500e-05,-2.714747190475463867e-02,4.533000000000000000e+03
3.890454769134521484e-03,1.059311628341674805e-02,3.122000000000000000e+03
1.740455627441406250e-05,-5.085527896881103516e-03,4.350000000000000000e+02
2.290868759155273438e-02,1.151376962661743164e-02,4.170000000000000000e+02
1.023292541503906250e-02,5.857378244400024414e-02,3.798000000000000000e+03
9.973315596580505371e-01,9.877818822860717773e-01,6.496000000000000000e+03
5.011872053146362305e-01,4.599164426326751709e-01,1.100000000000000000e+02
9.810057878494262695e-01,9.781379103660583496e-01,6.501000000000000000e+03
4.365158379077911377e-01,4.544886648654937744e-01,8.220000000000000000e+02
9.808247089385986328e-01,9.850115776062011719e-01,6.076000000000000000e+03
3.981590270996093750e-05,3.684407472610473633e-02,3.885000000000000000e+03
2.570396065711975098e-01,2.787741422653198242e-01,3.283000000000000000e+03
2.884030342102050781e-02,8.255499601364135742e-02,4.751000000000000000e+03
7.585775852203369141e-02,1.153168082237243652e-01,3.631000000000000000e+03
4.897788166999816895e-01,4.495658874511718750e-01,4.102000000000000000e+03
3.311336040496826172e-03,3.063505887985229492e-02,4.662000000000000000e+03
8.511380553245544434e-01,8.048653602600097656e-01,4.299000000000000000e+03
2.137961983680725098e-01,2.234771847724914551e-01,4.415000000000000000e+03
3.802180290222167969e-04,4.093855619430541992e-02,1.602000000000000000e+03
1.448392868041992188e-05,4.005461931228637695e-02,7.260000000000000000e+02
6.606934666633605957e-01,6.591007113456726074e-01,2.947000000000000000e+03
9.498088359832763672e-01,9.625126123428344727e-01,5.911000000000000000e+03
9.194468259811401367e-01,9.179302453994750977e-01,5.782000000000000000e+03
8.474016785621643066e-01,8.523055315017700195e-01,5.836000000000000000e+03
1.258850097656250000e-04,4.510933160781860352e-02,3.586000000000000000e+03
4.265795350074768066e-01,4.161751568317413330e-01,7.450000000000000000e+02
8.197037577629089355e-01,8.250656127929687500e-01,6.223000000000000000e+03
2.754228711128234863e-01,3.007534444332122803e-01,1.424000000000000000e+03
1.740455627441406250e-05,5.667918920516967773e-02,2.668000000000000000e+03
9.231488704681396484e-01,9.330859780311584473e-01,5.366000000000000000e+03
7.410714030265808105e-01,7.538840770721435547e-01,5.552000000000000000e+03
8.461656570434570312e-01,8.439776897430419922e-01,6.503000000000000000e+03
1.448392868041992188e-05,3.021520376205444336e-02,2.361000000000000000e+03
6.606934666633605957e-01,5.809738636016845703e-01,4.680000000000000000e+03
1.448392868041992188e-05,4.177898168563842773e-02,4.120000000000000000e+03
4.168694019317626953e-01,3.938635289669036865e-01,2.622000000000000000e+03
2.041739225387573242e-02,5.356222391128540039e-02,2.550000000000000000e+03
8.964157700538635254e-01,8.946746587753295898e-01,5.612000000000000000e+03
6.760829687118530273e-01,6.596227884292602539e-01,2.928000000000000000e+03
7.797641158103942871e-01,7.829495072364807129e-01,6.608000000000000000e+03
7.160414457321166992e-01,7.138231992721557617e-01,6.014000000000000000e+03
3.090295493602752686e-01,3.205413520336151123e-01,1.024000000000000000e+03
7.943282723426818848e-01,7.714856863021850586e-01,4.427000000000000000e+03
7.379993796348571777e-01,7.196245193481445312e-01,5.849000000000000000e+03
5.248074531555175781e-01,4.815318286418914795e-01,1.614000000000000000e+03
1.318256855010986328e-01,1.104453206062316895e-01,1.237000000000000000e+03
8.709635734558105469e-01,9.073381423950195312e-01,4.910000000000000000e+03
4.677355289459228516e-03,-1.784557104110717773e-02,1.761000000000000000e+03
8.016279339790344238e-01,7.840668559074401855e-01,5.016000000000000000e+03
2.630268335342407227e-01,2.898328304290771484e-01,3.300000000000000000e+01
9.687740802764892578e-01,9.787761569023132324e-01,5.398000000000000000e+03
1.862087249755859375e-01,2.222341895103454590e-01,9.930000000000000000e+02
9.719911813735961914e-01,9.807392954826354980e-01,5.219000000000000000e+03
3.021955490112304688e-05,5.191129446029663086e-02,7.300000000000000000e+02
9.332543611526489258e-02,1.357890963554382324e-01,9.570000000000000000e+02
1.047128438949584961e-01,9.948104619979858398e-02,1.588000000000000000e+03
5.248069763183593750e-03,2.804416418075561523e-02,4.755000000000000000e+03
1.448392868041992188e-05,-1.191323995590209961e-02,3.873000000000000000e+03
1.740455627441406250e-05,9.975731372833251953e-03,3.437000000000000000e+03
1.740455627441406250e-05,2.268272638320922852e-02,2.380000000000000000e+03
1.147985458374023438e-04,2.267235517501831055e-02,3.724000000000000000e+03
1.479387283325195312e-04,1.997929811477661133e-02,1.526000000000000000e+03
6.766421794891357422e-01,6.733996272087097168e-01,6.155000000000000000e+03
1.448392868041992188e-05,6.653565168380737305e-02,3.477000000000000000e+03
3.090500831604003906e-04,3.538471460342407227e-02,3.200000000000000000e+02
8.017673492431640625e-01,8.060147166252136230e-01,5.454000000000000000e+03
1.122018694877624512e-01,1.008054614067077637e-01,4.271000000000000000e+03
9.400436878204345703e-01,9.710214138031005859e-01,6.375000000000000000e+03
9.255592226982116699e-01,9.551432728767395020e-01,6.289000000000000000e+03
6.606934666633605957e-01,6.246278285980224609e-01,2.137000000000000000e+03
7.641223073005676270e-01,7.776871323585510254e-01,5.333000000000000000e+03
1.740455627441406250e-05,2.471607923507690430e-02,3.440000000000000000e+03
8.316448926925659180e-01,8.444290161132812500e-01,6.248000000000000000e+03
5.754399299621582031e-01,5.390266180038452148e-01,5.920000000000000000e+02
3.388441801071166992e-01,3.702013492584228516e-01,2.994000000000000000e+03
8.511380553245544434e-01,8.262588381767272949e-01,3.101000000000000000e+03
7.079458236694335938e-01,7.009400725364685059e-01,3.256000000000000000e+03
1.698243618011474609e-01,1.943114399909973145e-01,4.651000000000000000e+03
1.740455627441406250e-05,4.309529066085815430e-02,1.347000000000000000e+03
7.691143751144409180e-01,7.807056903839111328e-01,6.497000000000000000e+03
5.495411157608032227e-02,7.712846994400024414e-02,2.633000000000000000e+03
8.541070818901062012e-01,8.578265309333801270e-01,6.471000000000000000e+03
6.610155105590820312e-05,2.949434518814086914e-02,1.757000000000000000e+03
7.762471437454223633e-01,7.295752763748168945e-01,1.320000000000000000e+03
6.165951490402221680e-02,4.900175333023071289e-02,3.558000000000000000e+03
9.915044903755187988e-01,1.019537687301635742e+00,6.794000000000000000e+03
9.821457862854003906e-01,9.857443571090698242e-01,5.230000000000000000e+03
9.332543611526489258e-02,8.060663938522338867e-02,5.670000000000000000e+02
1.047128438949584961e-01,1.728476881980895996e-01,8.300000000000000000e+02
8.406977653503417969e-01,8.605718612670898438e-01,5.353000000000000000e+03
9.332543015480041504e-01,9.339764118194580078e-01,4.958000000000000000e+03
4.365158379077911377e-01,3.872427642345428467e-01,4.065000000000000000e+03
2.187764644622802734e-02,8.397430181503295898e-02,5.990000000000000000e+02
7.413089275360107422e-03,1.874321699142456055e-02,5.320000000000000000e+02
1.412540674209594727e-02,6.973129510879516602e-02,4.720000000000000000e+02
1.740455627441406250e-05,3.943008184432983398e-02,2.262000000000000000e+03
4.466836154460906982e-01,4.314912557601928711e-01,3.023000000000000000e+03
6.719054579734802246e-01,6.447373032569885254e-01,5.813000000000000000e+03
3.388464450836181641e-03,-3.722727298736572266e-03,1.899000000000000000e+03
7.105321884155273438e-01,7.148536443710327148e-01,5.759000000000000000e+03
9.898344874382019043e-01,9.832233190536499023e-01,5.055000000000000000e+03
7.474963068962097168e-01,7.331125736236572266e-01,6.033000000000000000e+03
7.439367175102233887e-01,7.373661398887634277e-01,6.019000000000000000e+03
2.041757106781005859e-03,4.286706447601318359e-03,2.382000000000000000e+03
1.448392868041992188e-05,-3.074008226394653320e-02,1.061000000000000000e+03
7.365037202835083008e-01,7.503647208213806152e-01,6.026000000000000000e+03
8.128309249877929688e-02,6.510239839553833008e-02,1.401000000000000000e+03
8.077003955841064453e-01,7.954701185226440430e-01,5.810000000000000000e+03
8.480522036552429199e-01,8.559081554412841797e-01,5.860000000000000000e+03
1.448392868041992188e-05,5.204600095748901367e-02,2.990000000000000000e+03
1.740455627441406250e-05,-2.676433324813842773e-02,4.534000000000000000e+03
1.513561606407165527e-01,1.822629570960998535e-01,3.200000000000000000e+01
3.548133373260498047e-02,6.108587980270385742e-02,1.518000000000000000e+03
9.859994649887084961e-01,9.832416772842407227e-01,5.174000000000000000e+03
6.606934666633605957e-01,6.168066263198852539e-01,4.549000000000000000e+03
8.809791803359985352e-01,8.890088796615600586e-01,5.345000000000000000e+03
7.857348918914794922e-01,7.932732105255126953e-01,6.325000000000000000e+03
1.740455627441406250e-05,2.215683460235595703e-03,3.013000000000000000e+03
1.448392868041992188e-05,2.742201089859008789e-02,4.032000000000000000e+03
3.388441801071166992e-01,3.444169163703918457e-01,4.829000000000000000e+03
4.168689250946044922e-03,1.121729612350463867e-02,4.575000000000000000e+03
7.413102388381958008e-01,7.196262478828430176e-01,8.510000000000000000e+02
9.309101104736328125e-01,9.378651380538940430e-01,5.415000000000000000e+03
5.128613710403442383e-01,4.699969291687011719e-01,2.356000000000000000e+03
9.813601970672607422e-01,1.013502359390258789e+00,6.197000000000000000e+03
4.265795350074768066e-01,3.766387104988098145e-01,2.100000000000000000e+02
1.288652420043945312e-04,4.278689622879028320e-02,2.635000000000000000e+03
5.754399299621582031e-02,1.039823889732360840e-01,2.784000000000000000e+03
4.786300957202911377e-01,4.982846975326538086e-01,3.146000000000000000e+03
1.740455627441406250e-05,4.341810941696166992e-02,3.435000000000000000e+03
9.332543015480041504e-01,9.262856841087341309e-01,2.415000000000000000e+03
2.691534757614135742e-01,2.521764039993286133e-01,2.628000000000000000e+03
8.508582115173339844e-01,8.602142333984375000e-01,6.167000000000000000e+03
1.513561606407165527e-01,1.667155623435974121e-01,2.881000000000000000e+03
8.484755158424377441e-01,8.709606528282165527e-01,6.646000000000000000e+03
7.649381756782531738e-01,7.374059557914733887e-01,6.334000000000000000e+03
9.772372245788574219e-01,9.996504783630371094e-01,9.030000000000000000e+02
8.317638039588928223e-01,8.305746316909790039e-01,4.399000000000000000e+03
8.709635734558105469e-01,9.079120159149169922e-01,3.234000000000000000e+03
3.019951879978179932e-01,3.062854409217834473e-01,1.640000000000000000e+03
1.740455627441406250e-05,1.011365652084350586e-02,3.863000000000000000e+03
3.890451490879058838e-01,4.081729948520660400e-01,1.970000000000000000e+03
1.448392868041992188e-05,3.634017705917358398e-02,3.793000000000000000e+03
3.388441801071166992e-01,3.449190557003021240e-01,1.099000000000000000e+03
1.273503303527832031e-01,1.362553238868713379e-01,3.129000000000000000e+03
5.495408773422241211e-01,5.398119091987609863e-01,1.919000000000000000e+03
1.448392868041992188e-05,4.008060693740844727e-02,8.070000000000000000e+02
3.019951879978179932e-01,3.048056364059448242e-01,2.000000000000000000e+01
3.801894187927246094e-01,3.588663339614868164e-01,4.683000000000000000e+03
8.511380553245544434e-01,7.767672538757324219e-01,1.830000000000000000e+03
1.740455627441406250e-05,4.142349958419799805e-02,1.351000000000000000e+03
5.888438224792480469e-02,1.138934493064880371e-01,4.850000000000000000e+03
5.495411157608032227e-02,8.400517702102661133e-02,1.462000000000000000e+03
1.740455627441406250e-05,1.205027103424072266e-03,3.440000000000000000e+02
9.549927711486816406e-02,7.431024312973022461e-02,4.273000000000000000e+03
7.278219461441040039e-01,7.066917419433593750e-01,6.683000000000000000e+03
7.987990975379943848e-01,7.869122028350830078e-01,6.783000000000000000e+03
2.753734588623046875e-05,4.510933160781860352e-02,3.173000000000000000e+03
1.202264428138732910e-01,1.198336482048034668e-01,3.160000000000000000e+03
1.740455627441406250e-05,6.800740957260131836e-02,6.810000000000000000e+02
1.740455627441406250e-05,5.422252416610717773e-02,4.420000000000000000e+02
7.336056828498840332e-01,7.408867478370666504e-01,5.601000000000000000e+03
2.754228711128234863e-01,2.885101437568664551e-01,2.617000000000000000e+03
1.740455627441406250e-05,-3.544867038726806641e-03,2.700000000000000000e+01
1.740455627441406250e-05,2.392357587814331055e-02,1.073000000000000000e+03
8.317649364471435547e-03,1.104718446731567383e-02,4.802000000000000000e+03
2.454698085784912109e-03,3.335994482040405273e-02,2.135000000000000000e+03
1.740455627441406250e-05,-9.932219982147216797e-03,1.380000000000000000e+02
9.663617014884948730e-01,9.702451825141906738e-01,6.294000000000000000e+03
3.468990325927734375e-05,5.517065525054931641e-03,3.031000000000000000e+03
2.344229221343994141e-01,2.738737463951110840e-01,2.154000000000000000e+03
3.019988536834716797e-03,7.511198520660400391e-03,3.098000000000000000e+03
2.398848533630371094e-03,4.551643133163452148e-02,2.858000000000000000e+03
5.011856555938720703e-03,5.780130624771118164e-02,3.508000000000000000e+03
6.606934666633605957e-01,5.964970588684082031e-01,2.126000000000000000e+03
1.584893465042114258e-02,3.980487585067749023e-02,2.193000000000000000e+03
8.709669113159179688e-03,-5.134284496307373047e-03,3.310000000000000000e+02
6.971224546432495117e-01,6.854640245437622070e-01,5.722000000000000000e+03
7.244359850883483887e-01,7.247334718704223633e-01,2.625000000000000000e+03
3.311311304569244385e-01,3.196077942848205566e-01,7.540000000000000000e+02
7.124682664871215820e-01,7.236635088920593262e-01,5.617000000000000000e+03
9.120108485221862793e-01,9.005492925643920898e-01,8.030000000000000000e+02
7.014660835266113281e-01,6.953015327453613281e-01,6.121000000000000000e+03
8.709635734558105469e-01,8.429830074310302734e-01,4.513000000000000000e+03
5.131959915161132812e-05,2.614444494247436523e-02,3.711000000000000000e+03
7.909714579582214355e-01,7.989173531532287598e-01,5.931000000000000000e+03
1.862087249755859375e-01,1.681265234947204590e-01,1.261000000000000000e+03
1.740455627441406250e-05,4.231458902359008789e-02,3.280000000000000000e+02
9.453828930854797363e-01,9.398751258850097656e-01,5.754000000000000000e+03
5.248074531555175781e-01,4.646126031875610352e-01,1.841000000000000000e+03
7.722495794296264648e-01,7.709581255912780762e-01,6.157000000000000000e+03
7.395917773246765137e-01,7.058359384536743164e-01,6.682000000000000000e+03
1.740455627441406250e-05,3.271490335464477539e-02,3.384000000000000000e+03
1.448392868041992188e-05,6.981855630874633789e-02,3.003000000000000000e+03
7.943282723426818848e-01,7.679026722908020020e-01,3.158000000000000000e+03
2.570396065711975098e-01,3.090784847736358643e-01,1.577000000000000000e+03
1.621246337890625000e-05,6.756848096847534180e-02,3.785000000000000000e+03
7.788531184196472168e-01,7.724688053131103516e-01,5.726000000000000000e+03
1.740455627441406250e-05,7.752913236618041992e-02,3.909000000000000000e+03
5.559045076370239258e-02,4.331058263778686523e-02,7.490000000000000000e+02
1.778304576873779297e-03,-6.502330303192138672e-03,1.535000000000000000e+03
5.128616094589233398e-02,4.616051912307739258e-02,2.889000000000000000e+03
1.740455627441406250e-05,2.115708589553833008e-02,4.813000000000000000e+03
8.317638039588928223e-01,8.153612017631530762e-01,1.233000000000000000e+03
6.165951490402221680e-02,1.145310997962951660e-01,4.278000000000000000e+03
7.514881491661071777e-01,7.509551644325256348e-01,6.012000000000000000e+03
4.786252975463867188e-05,4.661768674850463867e-02,3.784000000000000000e+03
7.834477424621582031e-01,7.923705577850341797e-01,6.216000000000000000e+03
1.000000000000000000e+00,1.005627751350402832e+00,6.647000000000000000e+03
1.000000000000000000e+00,1.005627751350402832e+00,3.180000000000000000e+03
1.000000000000000000e+00,1.005327224731445312e+00,1.750000000000000000e+02
1.000000000000000000e+00,1.005627751350402832e+00,6.573000000000000000e+03
1.000000000000000000e+00,1.005627751350402832e+00,4.408000000000000000e+03
1.000000000000000000e+00,1.005627751350402832e+00,4.885000000000000000e+03
1.000000000000000000e+00,9.792805910110473633e-01,4.203000000000000000e+03
1.000000000000000000e+00,1.005627751350402832e+00,3.618000000000000000e+03
1.000000000000000000e+00,1.005627751350402832e+00,5.658000000000000000e+03
1.000000000000000000e+00,1.005627751350402832e+00,6.613000000000000000e+03
1.000000000000000000e+00,1.001706838607788086e+00,4.797000000000000000e+03
1.000000000000000000e+00,1.024930715560913086e+00,2.679000000000000000e+03
1.000000000000000000e+00,9.995158910751342773e-01,1.797000000000000000e+03
1.000000000000000000e+00,1.005627751350402832e+00,6.211000000000000000e+03
1.000000000000000000e+00,1.005627751350402832e+00,1.878000000000000000e+03
1.000000000000000000e+00,1.005627751350402832e+00,4.794000000000000000e+03
1.000000000000000000e+00,1.005627751350402832e+00,5.949000000000000000e+03
1.000000000000000000e+00,9.819108247756958008e-01,4.409000000000000000e+03
1.000000000000000000e+00,1.032123684883117676e+00,2.904000000000000000e+03
1.000000000000000000e+00,1.039471983909606934e+00,4.902000000000000000e+03
1.000000000000000000e+00,1.033071637153625488e+00,9.050000000000000000e+02
1.000000000000000000e+00,1.005627751350402832e+00,6.047000000000000000e+03
1.000000000000000000e+00,1.005627751350402832e+00,6.098000000000000000e+03
1.000000000000000000e+00,1.005627751350402832e+00,2.322000000000000000e+03
1.000000000000000000e+00,1.005627751350402832e+00,5.297000000000000000e+03
1.000000000000000000e+00,1.018648862838745117e+00,4.954000000000000000e+03
1.000000000000000000e+00,1.005627751350402832e+00,3.032000000000000000e+03
1.000000000000000000e+00,1.035566091537475586e+00,2.391000000000000000e+03
1.000000000000000000e+00,1.009467840194702148e+00,1.626000000000000000e+03
1.000000000000000000e+00,1.031070232391357422e+00,2.413000000000000000e+03
1.000000000000000000e+00,1.005627751350402832e+00,4.019000000000000000e+03
1.000000000000000000e+00,1.005627751350402832e+00,4.305000000000000000e+03
1.000000000000000000e+00,1.005627751350402832e+00,4.842000000000000000e+03
1.000000000000000000e+00,9.974869489669799805e-01,2.550000000000000000e+02
1.000000000000000000e+00,1.005627751350402832e+00,4.613000000000000000e+03
1.000000000000000000e+00,9.869279861450195312e-01,3.117000000000000000e+03
